{"Status": 3, "error_Rot_z": -1.0, "error_Shift_z": -1.0, "error_Rot_x": -1.0, "error_Rot_y": -1.0, "error_Shift_x": 0.1842968490843629, "Shift_z": 0.0, "Shift_x": 7.903208284128856e-05, "Shift_y": 0.0, "error_Lambda": 0.0001, "Rot_z": 0.0, "Rot_y": 0.0, "Rot_x": 0.0, "error_Shift_y": -1.0, "Lambda": 1.456274820626443}